{
    "calibration_time": "2024-09-13_10-03-46",
    "version": "v0",
    "cameras": [
        {
            "name": "left",
            "type": "fisheye",
            "width": 3040,
            "height": 4032,
            "intrinsic": {
                "fl_x": 1194.2777087443837,
                "fl_y": 1194.028859149933,
                "cx": 1504.6942464281028,
                "cy": 2000.905716422017
            },
            "distortion": {
                "camera_model": "OPENCV_FISHEYE",
                "params": {
                    "k1": -0.008760586860637425,
                    "k2": -0.0037674040088977023,
                    "k3": 0.0004170564122176483,
                    "k4": -0.00040411744409896155
                }
            },
            "transform_from_lidar": {
                "rotation": [
                    [
                        0.8477790491057312,
                        -0.4361762208514721,
                        0.3016968482783841
                    ],
                    [
                        0.33796071900937413,
                        0.005907105354290565,
                        -0.941141678236067
                    ],
                    [
                        0.408721465430982,
                        0.8998418808157694,
                        0.1524183493739829
                    ]
                ],
                "position": [
                    0.010582488855171452,
                    -0.08335273027326494,
                    -0.03398620842584441
                ]
            }
        },
        {
            "name": "right",
            "type": "fisheye",
            "width": 3040,
            "height": 4032,
            "intrinsic": {
                "fl_x": 1188.1700899111088,
                "fl_y": 1188.2277938260856,
                "cx": 1469.4485169636691,
                "cy": 2003.3568597462722
            },
            "distortion": {
                "camera_model": "OPENCV_FISHEYE",
                "params": {
                    "k1": -0.007052823708302228,
                    "k2": -0.00827631055136201,
                    "k3": 0.004456386913488025,
                    "k4": -0.0015035580996555222
                }
            },
            "transform_from_lidar": {
                "rotation": [
                    [
                        -0.8556532294629989,
                        -0.43150203131942444,
                        -0.2857683465269565
                    ],
                    [
                        0.3245796120234026,
                        -0.01732683309709926,
                        -0.9456996649642857
                    ],
                    [
                        0.4031198660054819,
                        -0.9019455514730562,
                        0.15488252260886826
                    ]
                ],
                "position": [
                    -0.026765600416400605,
                    -0.06456258587741688,
                    -0.03364049123685629
                ]
            }
        }
    ]
}